{
  "MfDuWeqSHEqTFVYZ7LoexgAK9dxk7cy4DFJWjWMGVWa": 95.720346833,
  "9amABYwZ73MtduGjWD3Ne3LUyf9PgCeK7nrnALX3KQM1": 0.724516977
}